customer_id,customer_name,email
1,Karen Curry,tammygregory@example.org
2,Ashley Brewer,thomasblake@example.com
3,Steven Bennett,cody62@example.com
4,Madison Smith,lynchbeth@example.org
5,Mrs. Ashley Snyder DDS,martin99@example.net
6,Krystal Montgomery,keithjoe@example.org
7,Alexandra Moore,garciakeith@example.org
8,Shawn Solis,blake74@example.com
9,Dr. Kiara Sandoval,andregreen@example.com
10,Regina Foley,robertwilliams@example.com
11,Daniel Whitehead,edwardlewis@example.com
12,Ashley Jones,michelechung@example.net
13,Mr. Justin Raymond,villegasjames@example.net
14,Michael Sanchez,sevans@example.org
15,Bryan Allen,kimberlylopez@example.com
16,Lauren Hernandez,cstewart@example.com
17,Michael Green,teresa27@example.org
18,Elizabeth Barnett,sethhuynh@example.org
19,Heather Walker,nathan84@example.org
20,Carl Smith,leslie18@example.org
21,Kathleen Thomas,amydudley@example.org
22,Megan Middleton,wgallagher@example.com
23,David Finley,watsonmargaret@example.org
24,Jeremy Simpson,davisrebecca@example.com
25,Matthew Daniels,wmarshall@example.org
26,Melissa James,clester@example.com
27,Lauren Hampton,vburgess@example.net
28,Holly Hodges,rickycoleman@example.com
29,Sierra Dougherty,emontgomery@example.com
30,Whitney Ware,kyle31@example.com
31,Megan Lopez,rogerschristy@example.org
32,Mr. Austin Calderon,jeffreymartin@example.net
33,Anne Edwards,garciaandrea@example.com
34,Joshua Tucker,ashley07@example.org
35,Stephen Roy,lauriesawyer@example.com
36,Kaylee Barr,gina71@example.org
37,Brandon Acosta,derekwilliams@example.com
38,Jessica Levy,kathyjenkins@example.org
39,Erin Zimmerman,steven61@example.com
40,Billy Thomas,millerjohn@example.com
41,Stephanie Gaines,uvargas@example.org
42,Dennis Franco,brian46@example.org
43,William Campbell,sandra14@example.com
44,Nicholas Ford,lisabyrd@example.org
45,Daniel Ferguson,elainerodriguez@example.org
46,Adrian Chavez,michaeldiaz@example.com
47,Angela Moore,gentrytamara@example.org
48,Diamond Tate,tonyschultz@example.net
49,Diane Peterson,ucochran@example.org
50,Louis Nelson,medinalorraine@example.net
51,David Henderson,romeroleslie@example.com
52,Kimberly Garcia,wilsonjennifer@example.org
53,Paul Kramer Jr.,wendy20@example.org
54,Kim Rivas,allison10@example.net
55,Donna Bell,maryfisher@example.org
56,Caroline Marsh,knightchristy@example.com
57,Michael Jones,nguyenjim@example.org
58,Audrey Pope,qgreen@example.org
59,Stephanie Clark,sharon02@example.net
60,Jonathon Patel,dennisconnie@example.org
61,Christopher Jones,anthonyalvarez@example.net
62,Howard Kim,tina51@example.org
63,Daniel Solomon,carmen85@example.com
64,Hayley Mcgrath,yhatfield@example.com
65,April Hernandez,heidiwest@example.org
66,Jillian Reed,dfarmer@example.org
67,Megan Lynn,hherrera@example.com
68,Christopher Franco,lisameza@example.com
69,Dennis Bullock,ricardorios@example.org
70,Leslie Harper,bishopjordan@example.net
71,Stacey Mccormick,xgoodman@example.com
72,Bonnie Fernandez,hbriggs@example.org
73,Martin Ruiz,rogersjacob@example.org
74,Andrew Bridges,bentoncory@example.org
75,Erica Gonzalez,qvazquez@example.net
76,Laura Green,pauljohnson@example.com
77,Erin Nunez,roachgavin@example.com
78,Todd Moore,joseph96@example.net
79,Allison Lowery,torresevelyn@example.org
80,Gwendolyn Burke,michaelgaines@example.org
81,Timothy Knight,jessicalee@example.org
82,Mary Martinez,graceperez@example.com
83,Rebecca Harrison,jpatton@example.net
84,Dana Burgess,angelagrant@example.org
85,Thomas Moore,wileyjames@example.org
86,Andrew Brown,heatherkim@example.org
87,Dr. Michael Montgomery,deanna53@example.org
88,Lawrence Reyes,olane@example.org
89,Christina Forbes,averydavid@example.org
90,Robert Kelly,kristine73@example.org
91,Allison Mullins,castillozoe@example.org
92,Leah Johnson,ronniebarnes@example.org
93,Shelly Porter,nashfrank@example.org
94,Gregory Fuller,sanchezmelissa@example.org
95,Richard Harris,williamgood@example.com
96,Amber Good,pricetodd@example.com
97,James Moore,zwilkins@example.net
98,Joseph Cabrera,michaelmcneil@example.net
99,Michelle Walter,stewartkathryn@example.org
100,Mary Mcguire,lbrown@example.com
101,Thomas Perez,yfrey@example.com
102,Katherine Graham,toddvaughn@example.org
103,Barbara Buchanan,rojasnicholas@example.org
104,Brett Smith,anthonyboyd@example.com
105,Christina Davis,dbarrett@example.net
106,Kathleen Peterson,laura98@example.org
107,Adrian Love,reesejason@example.org
108,Kelly King,ftorres@example.net
109,Brooke Grimes,nicholasdiaz@example.com
110,Laura Gonzalez,thompsonderrick@example.net
111,Carrie Williams,jjames@example.com
112,James Henry,piercetodd@example.com
113,Daniel Rivera,michael92@example.org
114,Tammy Blake,carriesmith@example.net
115,Joshua Morgan,kristensmith@example.com
116,Laura Gomez,rachel67@example.com
117,Monique Dixon,jrussell@example.org
118,Shawn Wilson,ngriffith@example.org
119,Heather Ruiz,ninahancock@example.com
120,James Wade,pwilliams@example.com
121,Holly Wilson,lopezryan@example.net
122,Rachel Ayala,michellemcconnell@example.com
123,Rodney Mosley,rebecca49@example.com
124,Heather Wright,denise33@example.org
125,Ann Macias,smithlaura@example.net
126,Claudia Harris,allenbrandy@example.net
127,Mark Villegas,shelly38@example.com
128,Felicia Tran,qmckinney@example.com
129,Anthony Lopez,gregorywells@example.org
130,Lauren Ramsey,robert81@example.org
131,Robert Ryan,lauren20@example.org
132,Jason Johnston,davidcarter@example.net
133,Mark Lopez,kathleensmith@example.com
134,Kenneth Schroeder,sherrera@example.org
135,Stanley Hinton,jacoblarson@example.net
136,Zachary Martinez,gillespiechristopher@example.net
137,Audrey Mccoy,parksmary@example.com
138,Todd Miller,sextontroy@example.org
139,Daniel Reyes,yhart@example.net
140,Justin Tran,daniellelove@example.net
141,Jason Robinson,qmurphy@example.com
142,Dr. Cindy Moore,angelabennett@example.com
143,Kevin Rodriguez,baxterlisa@example.net
144,Theresa Acosta,tlewis@example.org
145,Harry Sanders,acrawford@example.org
146,Christina Webb,ikirby@example.org
147,Jonathan Davis,ashleybenson@example.com
148,Douglas Williams,lcarlson@example.com
149,Eduardo Fletcher,imorales@example.com
150,Mark Schmidt,jasmineroberson@example.org
151,Cheyenne Acosta,villamary@example.net
152,Paula Pearson,dchase@example.org
153,Jasmine Beck,jgaines@example.org
154,Sabrina Campbell,kristinrodriguez@example.net
155,Cody Robinson,mendozalogan@example.net
156,Cathy Burton,bullockvirginia@example.com
157,Mrs. Julia Brown,cameronbowen@example.net
158,Lacey Walsh,carol04@example.org
159,Jessica Yu,keithgilmore@example.net
160,Daniel Frederick,taylorrobinson@example.net
161,Alan Clark,alopez@example.org
162,Carrie Flores,alexis93@example.com
163,John Anderson,andrewgamble@example.com
164,Philip Harper,cmoreno@example.net
165,Fernando Griffin,morgan10@example.com
166,Scott Rodriguez,staceyadkins@example.org
167,Samuel Brown,stephaniecasey@example.org
168,Whitney Myers,hendricksdennis@example.net
169,Joyce Huang,goodwinandrew@example.com
170,William Holmes,william35@example.net
171,Tara Collins,fjohnson@example.com
172,Jennifer Smith,brookecox@example.com
173,Stephanie Haynes,imoore@example.org
174,Sydney Carter,abigail53@example.com
175,Dr. Deborah Mullen,hubersamantha@example.com
176,Lacey Soto,maxwellmyers@example.com
177,Jessica Pace,scottwillie@example.com
178,Chelsea Smith,monica90@example.org
179,Mark Robles,lechristopher@example.net
180,Barbara Graham,jameswilson@example.net
181,Robert Mcguire,laura18@example.net
182,Linda Russell,vaughntroy@example.org
183,Melanie Price,benjaminallen@example.net
184,Daniel Allen,lisa10@example.com
185,Joshua Peters,hensleyoscar@example.com
186,Brandon Delgado,jessicaellison@example.net
187,Denise Perez,cohensara@example.com
188,Kristine Davis,williamlucas@example.org
189,Steven Murphy,brianmccann@example.org
190,Erica Weaver,gbright@example.org
191,Mario Cook,michellemartinez@example.com
192,James Morris,ywebb@example.com
193,Nicholas Price,jennifermoses@example.net
194,Ryan Yang,michaelsavage@example.com
195,Christina Nguyen MD,joseph92@example.net
196,Bradley Ballard,vdavila@example.org
197,Christopher King,pwilson@example.com
198,Chelsea Miller,gardneramanda@example.org
199,Jerry Wells,ryanbush@example.com
200,Kimberly Heath,dward@example.org
201,Shawn Adams,emartin@example.net
202,Wendy Stanley,xscott@example.org
203,Zachary Lucas,bethanycarter@example.com
204,Brenda Wyatt,qflores@example.org
205,George Sullivan,gonzalezpeter@example.net
206,Douglas Townsend,karen33@example.net
207,Edward Morales,kandrews@example.org
208,John Salazar,jonesjessica@example.org
209,Karl Cole,lisa83@example.com
210,Dr. Zachary White DDS,frank99@example.org
211,Teresa Bender,melissaallison@example.com
212,Andrew Hunt,jamesleon@example.org
213,Patricia Goodwin,glen77@example.org
214,John Clark,jamesjonathon@example.org
215,Tyler Kim,millerdevin@example.com
216,Aaron Simpson,mhicks@example.net
217,Juan Mendoza,kimberlylang@example.com
218,Darlene Davenport PhD,juliewilliams@example.org
219,John Cook,rcollier@example.org
220,Robert Guzman,zashley@example.com
221,Alex Hanna,kthomas@example.com
222,Andrew Ortiz,skirk@example.net
223,Scott Smith,lucaskristin@example.org
224,Dorothy Jones,upeterson@example.com
225,Danielle Gibson,heatherrichardson@example.com
226,Troy Bullock,wilkersonlisa@example.net
227,Amber Johnson,terrimoore@example.net
228,Victoria Perry,melissagriffin@example.org
229,Ariel Yates,danielnichols@example.com
230,Kenneth Hall,candice91@example.net
231,Julie Alvarez,hamiltondavid@example.org
232,Angela Pham,matthew85@example.net
233,William Garrett,bward@example.org
234,Abigail Montgomery,zwallace@example.com
235,Ariel Snyder,dariushoward@example.net
236,Christopher Patel,calderonjustin@example.org
237,Justin Jones,jason99@example.com
238,Kristy Thompson,jeffreyramirez@example.org
239,Samantha Villegas,gdaniels@example.com
240,Eric Russo,timothymurillo@example.org
241,Anna Nielsen,austin35@example.org
242,Angela Yoder,morganmeghan@example.net
243,Eduardo Robles,marychen@example.org
244,Stephen Fletcher,anna12@example.com
245,David Bass,calderonjeremy@example.net
246,Benjamin Perez,gardnerdiana@example.org
247,Jennifer Matthews,lopezandrea@example.com
248,Timothy Reed,oscarcrawford@example.com
249,Sally Martinez,iwhite@example.net
250,Kathleen Adams,colemanjason@example.com
251,Randy Hartman,avaldez@example.org
252,Christopher Nichols,tuckercarolyn@example.com
253,James Young,gsullivan@example.com
254,Daryl Villanueva,karenbrown@example.com
255,David Thompson,cristianbutler@example.com
256,Nicholas Wilcox,domingueztodd@example.org
257,Debra Moore,ghunt@example.net
258,Cheryl Thomas,wanda15@example.net
259,Gabriela Jones,joshua10@example.net
260,Elizabeth Adams,ryan85@example.com
261,Keith Woods,mitchell73@example.net
262,Kimberly Edwards,rachelhall@example.org
263,Bradley Brooks,uwilliams@example.net
264,Kyle Thomas,hartmandaniel@example.org
265,Chelsea Ross,stephanie59@example.net
266,Anthony Andrews,chammond@example.net
267,Regina Barrera,james49@example.org
268,Ronald Jenkins,christopherblack@example.org
269,Phillip Anthony,nmartin@example.org
270,Elijah White,hnichols@example.com
271,Richard Page,victorbryant@example.org
272,Haley Alexander,kellymatthew@example.org
273,Scott Beck,sarahbrown@example.net
274,Kimberly Harris,teresaacevedo@example.net
275,Edward Hansen,tony10@example.net
276,Terry Caldwell,nadams@example.com
277,David Franklin,ialvarado@example.org
278,Daisy Wright,kimberlyhiggins@example.org
279,Tristan Crawford,bjensen@example.com
280,Julie Miller,jennifer65@example.com
281,Benjamin Allen,frank27@example.org
282,Robert Hernandez,carpenterjoshua@example.com
283,Justin Atkinson,davidhernandez@example.net
284,David Allen,melissagood@example.org
285,Jonathan Gonzales,hsanders@example.com
286,Angela Hughes,blevinscolin@example.net
287,Daniel Schmidt,kathleenalvarado@example.com
288,Jacqueline Hendricks,molly41@example.net
289,Bobby Walker,wspence@example.org
290,Kimberly Smith,amckenzie@example.net
291,Angel Matthews,christopher56@example.com
292,Ryan Gonzalez,wdavis@example.net
293,Shawn Saunders,teresa61@example.net
294,Paul Moore,normanangela@example.net
295,Jeanne Miller,stephen28@example.com
296,William Buchanan,brian95@example.net
297,Stacey Ortega,jasminelivingston@example.com
298,Victoria Ramirez,kentgregory@example.net
299,Denise Mckee,smithdaniel@example.net
300,Amanda Floyd,odonnellbrittany@example.com
301,Anna Powell,michelle54@example.org
302,Erica Torres,richardsonstephanie@example.com
303,Kimberly Lopez,ogonzalez@example.net
304,Kristen Rodriguez,zcarlson@example.net
305,Brian Brown,melaniewaters@example.org
306,Jackie Velasquez,amanda11@example.org
307,Crystal Holloway,cookmarilyn@example.com
308,Anthony Marshall,sarahlewis@example.org
309,Dennis Goodman,ztownsend@example.org
310,Nicholas Figueroa,bakererica@example.com
311,Olivia Bradley,haynesalicia@example.org
312,Ryan Flores,wharvey@example.com
313,Angelica Collins,erinwong@example.com
314,Elizabeth Levy,williamschelsea@example.org
315,Brandy Chang,rodneytaylor@example.org
316,William Nixon,matthew30@example.org
317,Jill Deleon,zdavis@example.com
318,Jesse Brock,rreed@example.com
319,Michael Carpenter,smithjohn@example.org
320,William Thompson,brittany72@example.net
321,Robert Johnson,wendy36@example.org
322,Timothy Carlson,levylonnie@example.net
323,Holly Hayes,edward97@example.net
324,Megan Hayes,sabrinagould@example.net
325,Danielle Stevens,david25@example.com
326,Sean Gomez,juliaholmes@example.org
327,Jessica Mcdonald,vmiller@example.net
328,Angela Moore,johnsonsteven@example.net
329,Cynthia Lynch,cartersummer@example.net
330,Dr. Jamie Elliott,kevin70@example.com
331,John Smith,stoutpatrick@example.net
332,Emily Lewis,shane79@example.org
333,Kim Taylor,ryanmoreno@example.com
334,John Murray,jillpham@example.com
335,Tracey Delgado,patricia91@example.net
336,Charles Holt,drodriguez@example.org
337,Aimee Smith,kbarnett@example.net
338,Ryan Davis,lauramendez@example.org
339,Mark Martin,lopezeric@example.net
340,Jamie Cobb,drios@example.org
341,Renee Taylor,jason78@example.org
342,Douglas Yates,brandysmith@example.org
343,Brittany Hull,joshuaarellano@example.net
344,Bryan Clarke,laura28@example.com
345,Emily Bishop,janetwilson@example.org
346,Ashley Thompson,ryan36@example.com
347,Kathy Griffin,collierrachel@example.com
348,Mark Hampton,jrobinson@example.com
349,Jamie Davis,shannon43@example.net
350,Meagan Turner,nicole22@example.net
351,Barbara White,thompsoncarlos@example.org
352,Joseph Potter,cassandracarr@example.net
353,Jacob Molina,areed@example.net
354,Ashley Cook,georgelynn@example.org
355,Lori Cruz,amandaday@example.net
356,Christopher Robertson,johnny40@example.net
357,Thomas Allen,wattsdan@example.net
358,Victoria Peterson,bennettlarry@example.net
359,Leon Haynes,ncoleman@example.com
360,Kyle Burns,bradleypaul@example.org
361,Sara Moses,lcampbell@example.org
362,Jeremy Clark,gibsonangelica@example.net
363,David Miller,cooperchristian@example.com
364,James Robinson,paige10@example.net
365,Lindsey Sellers,deborahmyers@example.org
366,Jamie Ortiz,jkey@example.net
367,Terry Flores,tammy45@example.net
368,Kyle Torres,mjones@example.net
369,Eric Smith,shanehowell@example.net
370,David White,hayesjohn@example.org
371,Tim Anderson,millerjon@example.com
372,Sarah White,lindarodriguez@example.com
373,Alexandra Weaver,michaelfuentes@example.com
374,Lindsey White,dflowers@example.net
375,Victoria Stokes,igonzales@example.net
376,Suzanne Allison,christopher10@example.org
377,Brian Hall,gmcgee@example.com
378,Roger Ewing,wilsonwhitney@example.org
379,Randy Coleman,john10@example.org
380,Connie Fisher,zpittman@example.org
381,Gabriel Cruz,phamilton@example.net
382,Karl Sherman,kenneth85@example.net
383,Madison Krueger,michelle82@example.net
384,Eric Fleming,lopezchristie@example.org
385,Diana Griffin,ruben64@example.org
386,Nicole Mason,hensonalyssa@example.net
387,Ronnie Klein,johnsonmichael@example.org
388,Kimberly Cruz,smiththomas@example.com
389,Juan Parker,emily67@example.net
390,Donna Thomas,bradrobbins@example.org
391,Johnny Guzman,kylietorres@example.org
392,Nicholas Smith,juliegarcia@example.org
393,William Rodgers,omarshall@example.com
394,Phyllis Brooks,walkerkaren@example.org
395,Angel Riley,davisalyssa@example.org
396,Scott Perez,joshuamcmahon@example.com
397,Denise Harris,amandasampson@example.net
398,Angel Ross,dustinroberts@example.net
399,Gregory Wells,samuel69@example.org
400,William Foley,bcross@example.org
401,Samantha Smith,tamarahays@example.net
402,Brianna Ramos,donaldkaufman@example.net
403,Richard Santos,cassandramartin@example.net
404,Charles Mcclure,vlucas@example.org
405,Sophia Perry,jennifermartin@example.com
406,Raymond Moran,daniel52@example.com
407,Jason Garza,hallkristen@example.org
408,Judy Thomas,yhuber@example.org
409,Bryan May,schwartzsamantha@example.org
410,Debra Long,nguyenmax@example.com
411,Christopher Conrad,jacksonpatrick@example.org
412,Bradley Campbell,andrewlevy@example.net
413,Jaime Bryant,arthur38@example.com
414,Nicole Chan,brian25@example.net
415,Kristy Martin,snydervictoria@example.org
416,Monica Solis,melanie92@example.net
417,Nathan Maldonado,teresa60@example.com
418,Jessica Bridges,jasminenash@example.net
419,Melvin Hickman,shannonwilkerson@example.net
420,Michael Fuentes,cody81@example.net
421,Amanda Green,shannon34@example.net
422,Frederick Pennington,kromero@example.net
423,Amy Williams,patriciathompson@example.net
424,Justin Morgan,sarahmitchell@example.net
425,Victor Medina,bmyers@example.org
426,Christine Ward,lisamason@example.net
427,Maria Leblanc,justin75@example.org
428,Eric Saunders,reneechoi@example.com
429,Tiffany Hoover,vmartinez@example.net
430,Brendan Payne,hreilly@example.org
431,Alexandria Frank,bobby51@example.net
432,Tracy Curtis,eholt@example.org
433,Joshua Ortiz,hcastro@example.net
434,Sandra Garcia,melissa27@example.org
435,Michael Hancock,qcrawford@example.org
436,Haley Meyers,susanmcclain@example.org
437,William Collins,jharrison@example.net
438,Jacqueline Perez,wrightjulia@example.net
439,Alexandra Rangel,wcarpenter@example.com
440,Jessica Robles,carrilloautumn@example.org
441,Victor Rios,robertkoch@example.com
442,Debbie Knox,johnnywall@example.net
443,Mary Fleming,parrishstephen@example.org
444,Matthew Oconnor,roberthoffman@example.com
445,Charles Harrison,dudleyroger@example.net
446,Blake Moore,fwhitney@example.org
447,James Williams,hansennichole@example.com
448,Jennifer Stewart,curtistaylor@example.org
449,Catherine Phillips,randall48@example.com
450,Michael Pope,karenclark@example.org
451,Lawrence Hughes,hoganjerry@example.org
452,Crystal Alexander,reillyjennifer@example.org
453,Kim Diaz,briannacisneros@example.org
454,Tina Barry,perezkevin@example.net
455,Jason Rivera,brandon71@example.com
456,Jamie Zamora,henrymark@example.com
457,Crystal Schneider,dlozano@example.org
458,Mark Fox,gfriedman@example.com
459,Adrienne Douglas,pthompson@example.com
460,James Dorsey,mercadojoseph@example.com
461,Drew Mckinney,heather62@example.com
462,Michael Hendricks,hansonmelissa@example.net
463,Dylan Pierce,john75@example.net
464,Nicholas Williams,david96@example.org
465,John Knight,smueller@example.org
466,Grace Ward,jonathanmoss@example.com
467,Joshua Herrera,dawnsmith@example.org
468,Carl Taylor,kcrawford@example.net
469,William Morris,lisa37@example.net
470,Jacob Campbell,humphreyanthony@example.com
471,David Perkins,gardnerheather@example.com
472,Bailey Campbell,kwalter@example.net
473,Tammy Robinson,jennifer26@example.com
474,Elijah Allen,humphreyashley@example.com
475,Jennifer Nunez,paulturner@example.net
476,John Wells,jasonfernandez@example.net
477,Amanda Flores,wintersdavid@example.com
478,Kathleen Cox,cassieroy@example.net
479,Rebecca Wallace,lori64@example.net
480,Lisa Keller MD,terriking@example.com
481,Anna Owen,rrasmussen@example.org
482,Monica Adams DDS,qrangel@example.com
483,Lori Obrien,martha97@example.org
484,Katie Boyd,aclark@example.org
485,Michelle Elliott,lewistiffany@example.com
486,Jason Chang,coreywilliams@example.com
487,Carol Cruz,wattschristine@example.org
488,James Dixon,beckerrenee@example.org
489,Travis Carter,johntucker@example.org
490,Ryan Guzman,michael34@example.net
491,Noah Shea,narnold@example.net
492,Edward Duran,jonesjoseph@example.org
493,Virginia Garcia,kyle48@example.com
494,Kenneth Jackson,marycarr@example.com
495,Joseph Spence,wrightnancy@example.org
496,Joseph Miller,keith47@example.com
497,Jennifer Beard DDS,jilllynch@example.net
498,Adam Butler,douglashenry@example.org
499,Jill Powell,nward@example.com
500,Michael Hudson,frank57@example.com
501,Lindsey Conway,regina76@example.org
502,Kim Garcia,brownderek@example.org
503,Frank Washington MD,danderson@example.org
504,Brenda Riley,ronaldgonzales@example.net
505,Julie Robles,deanchristina@example.org
506,Sean Robertson,christina32@example.org
507,Paul Hodges,bcummings@example.com
508,Robert Henry,davenportlindsey@example.org
509,Andrew Anderson,johnbryant@example.com
510,Alexis Banks,seanfoster@example.com
511,Jesse Munoz,kperez@example.org
512,Jacob Christensen,bwallace@example.org
513,Theresa Tyler DDS,vgriffin@example.net
514,Jeffrey Miller,garybaker@example.org
515,Andre Wright,uwilliams@example.org
516,Diane Brown,ewatts@example.org
517,Lance Johnson,rwood@example.org
518,Erin Davila,lisakelly@example.org
519,Derrick Mckay DVM,kimberly12@example.org
520,Bruce Ramos,blackmatthew@example.org
521,John Ibarra,tiffany00@example.com
522,Mary Delgado DVM,roseangela@example.org
523,Michael Johnson,robertsdenise@example.net
524,Renee Pollard,tina75@example.org
525,Ethan Hughes,lori82@example.org
526,Steven Stewart,monicafry@example.com
527,Molly Gonzalez,thomas16@example.net
528,Lauren Diaz,watersolivia@example.com
529,Brittany Stevenson,matthew87@example.net
530,Robert Smith,smithwilliam@example.net
531,Ashley Edwards,qstone@example.org
532,James Stone PhD,charles92@example.org
533,Ann Burke,maxmartin@example.com
534,Jennifer York,tara54@example.net
535,Anthony Jones,dgonzalez@example.net
536,Johnny Lucas,bburgess@example.org
537,Kelly Shaw,jasonellison@example.com
538,Kimberly Simmons,xmorton@example.net
539,Kerri Morrow,olong@example.org
540,Rachel Burke,veronicadorsey@example.org
541,Keith Henson,xyang@example.com
542,Jorge Herrera,ariasjohn@example.org
543,William Tucker,angela51@example.org
544,April Koch,qnguyen@example.net
545,Peter Gonzalez,davidevans@example.org
546,Gary Kramer,ujones@example.org
547,Travis Chapman,kathryn33@example.org
548,Theresa Wilson,rachelhamilton@example.org
549,Rebecca Thomas,raymondowens@example.net
550,Michael Soto,matthew06@example.org
551,Bruce Ramirez,brentmorgan@example.net
552,Katie Mccoy,zconner@example.net
553,Donald Hammond,ihodges@example.com
554,Jessica James,ipeterson@example.net
555,Felicia Simpson,richardhuffman@example.net
556,Amy Shelton,sydneyjackson@example.org
557,Frank Carlson,gregory58@example.com
558,Miss Ashley Owens,deborah44@example.org
559,Daniel Green,mistyrivera@example.org
560,Kathleen Duke,eolsen@example.com
561,Stephanie Bray PhD,schmidtemma@example.org
562,Robin Reese,browncaitlin@example.com
563,Ashley Strong,luispatel@example.org
564,Nicole Ball,johnsoncynthia@example.org
565,Steven Griffith,lisa85@example.org
566,Douglas Baldwin,halljeanne@example.com
567,Dr. Karen Rhodes,kdavis@example.net
568,Donald Fields,jamesdeleon@example.org
569,Jeremy Douglas,rickywhite@example.net
570,Cindy Contreras,noahbush@example.org
571,Antonio Zimmerman,megan38@example.com
572,John Hayden,davidwalsh@example.org
573,Jerome Price,jill90@example.com
574,Mr. Patrick Roberts,qpatterson@example.com
575,Adam Larsen,howellshelia@example.org
576,Dr. Rachel Schwartz,jonathan61@example.org
577,Dakota White,kendra44@example.com
578,Christine Richardson,matthewmontgomery@example.org
579,Elizabeth Price,bryan62@example.net
580,Michael Strickland,jennifer74@example.net
581,Kimberly Brown,vrodriguez@example.net
582,Mary Clark,qhicks@example.net
583,Christy Patterson,othornton@example.com
584,Edward Jones,chambersrandy@example.net
585,Terry Gamble,kevin01@example.net
586,Mary Morgan,grobinson@example.net
587,Adam Hernandez,mcole@example.net
588,Evan Morgan,fjackson@example.com
589,Alex Barnes,adriansimpson@example.net
590,Thomas Jordan,alexanderheath@example.net
591,Marvin Hernandez,howellmaurice@example.org
592,Sandra Roman,jamescastillo@example.net
593,Ricardo Phillips,jennifercastaneda@example.net
594,Kristin Saunders,josephmiller@example.net
595,Barbara Rivera,geoffrey84@example.org
596,Colleen May,kbean@example.org
597,Bridget Holland,perrycynthia@example.org
598,Lisa Miles,ikemp@example.com
599,James Sloan,xpierce@example.com
600,Thomas Mayo,courtneywhitehead@example.org
601,Kathy Warner DDS,williamschristine@example.net
602,Amy Evans,ewinters@example.org
603,Scott Reed,karinabriggs@example.com
604,Brandon Thompson,hsheppard@example.com
605,Jessica Russell,richard05@example.org
606,David Bowman,jerrylewis@example.org
607,William Woods,brian72@example.org
608,Caroline Reynolds,katherinerobinson@example.org
609,Shannon Perez,lambertlinda@example.net
610,Joseph Dunlap,trevormiller@example.net
611,Steven Johnson,xwilliamson@example.com
612,Jared Smith,pprince@example.org
613,Heidi Erickson,andrea86@example.org
614,Mike White,scottjacob@example.net
615,Stephanie Randolph,patrickporter@example.net
616,Mark English,donaldtorres@example.com
617,William Thomas,vfleming@example.net
618,Samantha Bowman,bakershannon@example.com
619,Shirley Lewis,rhenderson@example.com
620,Paul Miller,lopezmelissa@example.com
621,Manuel Wilson,webstermark@example.org
622,Amber King,kimberly94@example.com
623,Yolanda Carroll,james38@example.com
624,Amanda Small,wendy76@example.org
625,Karen Clark,virginiawilson@example.com
626,Blake Phillips,yhouse@example.net
627,Miranda Cole,olove@example.com
628,Sean Bradshaw,ejames@example.org
629,Maria Sanchez,mtaylor@example.org
630,Jill Herring,andrewrodriguez@example.org
631,Robert Lopez,melissa84@example.com
632,Jamie Clements,ostephens@example.org
633,Taylor Cardenas,tbarajas@example.net
634,Robert Brown,bankslatasha@example.com
635,Crystal Le,kathryn11@example.com
636,Pamela Fowler,anthony48@example.net
637,Olivia Porter,candice42@example.com
638,Marcus Johnson PhD,fcarter@example.net
639,Michael Obrien,carol47@example.net
640,James Moore,samuelmoore@example.com
641,David George,christopherhenry@example.net
642,Janice Davis,gabriellewright@example.com
643,Jessica Brown,creid@example.net
644,Shannon Franco,smithjennifer@example.com
645,Jonathan Edwards,pamelanewton@example.org
646,Michael Olson,howardcheryl@example.net
647,Scott Cruz,smendoza@example.com
648,Carla Freeman,stacey12@example.com
649,Bruce Larson,jill99@example.com
650,Dawn Moreno,alex03@example.net
651,Jessica Ruiz,wheelersandra@example.org
652,Theresa Mosley,jcannon@example.org
653,Tanya Jackson,tammyanderson@example.net
654,Danielle Little,andrewsryan@example.org
655,Rachel Kim,pstewart@example.com
656,Matthew Martin,edwinstevens@example.org
657,Jordan Avery,ramireznatalie@example.org
658,Eric Weaver,chrisdyer@example.net
659,Alexander Weber,dholmes@example.com
660,Sylvia Mcfarland,psmith@example.net
661,Adam Jacobs,emilyhernandez@example.com
662,Kenneth Christensen,jonathan93@example.net
663,Jennifer Dixon,smithsteven@example.org
664,Veronica Schroeder,nicholasgreen@example.com
665,Kelsey Reynolds,vmeyer@example.org
666,Denise Lin,rowens@example.com
667,Joseph Johnson,scolon@example.net
668,Rita Berry,huntermelendez@example.org
669,Nicholas Jenkins DDS,freydaniel@example.org
670,Pamela Olson,dcollins@example.com
671,Shannon Massey,christian69@example.org
672,Rebecca Moore,jerry88@example.com
673,Martin Marshall,quinnpeter@example.com
674,Kirsten Wallace,zacharyhendricks@example.com
675,Kevin Huber,teresamiller@example.org
676,Brian Parsons,ymoore@example.net
677,Daniel Larsen,sheriwatson@example.org
678,Melissa Travis,raymondroth@example.org
679,Cindy Patton,lisaward@example.org
680,Caitlyn White,christophermoody@example.com
681,John Mosley,adam68@example.org
682,Brittany Hansen,bowenroberto@example.com
683,Mr. Jason Beltran,brent19@example.com
684,Adam Rodriguez,mcarpenter@example.net
685,Sharon Ramirez,jacob20@example.net
686,David Davis,carrollgregory@example.com
687,Ryan Scott,martinezrebecca@example.org
688,Gina Jones,henrycherry@example.net
689,Andrew Lang,murrayaaron@example.com
690,Eric Jensen,brettphillips@example.org
691,David Hunter,mathewgomez@example.net
692,Maria Zhang,tranrandall@example.org
693,Lori Griffith,joshua71@example.net
694,Susan Smith,wmccormick@example.net
695,Jeffrey Pham,xstrong@example.org
696,Matthew Jimenez,sarabuckley@example.org
697,Anthony Johnson,daniel15@example.com
698,Danielle Nguyen,norma35@example.com
699,Kayla Mullen,kcarpenter@example.net
700,Brian Simmons,jenny86@example.org
701,Jacqueline Nelson,bperez@example.net
702,Adam Li,sfowler@example.net
703,Joe Ibarra,jack53@example.org
704,Dawn Stanley,goodwinbrandon@example.com
705,Lisa Sanchez,dereklee@example.net
706,Melanie Wise,sandra40@example.com
707,Lisa Brewer,jimmy05@example.com
708,Julian Sutton,aaron82@example.org
709,Dana Mccullough,mark20@example.net
710,Amy Herrera,qlucero@example.org
711,Bianca Hodges,shannon54@example.org
712,Valerie Fox,emarquez@example.com
713,John Holden,petersonjennifer@example.net
714,Michelle King,vbrown@example.net
715,Brenda Rodriguez,smithevelyn@example.net
716,Brandon Roberts,wallacesarah@example.org
717,Bobby Powers,johnnysmith@example.net
718,Bryan Palmer,gregorysnyder@example.com
719,Richard Zhang,rpitts@example.com
720,Kelli Lee,douglasnewman@example.com
721,Mr. Robert Bailey MD,longbrittany@example.org
722,John Banks,pettyalison@example.org
723,Gary Rodriguez,tracywall@example.com
724,Lisa Williams,ballashley@example.com
725,Steven Fisher,mayerdavid@example.com
726,Crystal Rosales,crodriguez@example.org
727,Richard Dunn,gdunn@example.org
728,Scott Flores,gthomas@example.org
729,Kim Edwards,samanthavilla@example.net
730,Michelle Price,katelynmills@example.org
731,Thomas Landry,ruizchristina@example.org
732,Eric Hunt,anthonyburch@example.org
733,Andrew Mathews,frederickdelgado@example.net
734,Robert Rhodes,cohentamara@example.net
735,Shelia Carroll,perezcalvin@example.com
736,David Thompson,buckpatricia@example.net
737,Tammy Chan,qanderson@example.net
738,Christopher Miller PhD,howardnicholas@example.com
739,Dr. Chris Nelson MD,davidlee@example.net
740,Bradley Taylor,zachary26@example.net
741,Scott Anthony,iboyd@example.org
742,Garrett Wilson,johnwilliamson@example.org
743,Joshua Myers,lindsayhoffman@example.com
744,Brianna Hansen,qmorales@example.net
745,Beth Jimenez,jonesjesse@example.org
746,Anthony Cuevas,taylorjason@example.net
747,Kimberly Bolton,travisphillips@example.net
748,Caitlin Miller,brooksalicia@example.com
749,George Thomas,davidlynch@example.org
750,Justin Johnson,mjones@example.org
751,Alyssa Brewer,mcintyrethomas@example.com
752,Timothy Curtis,gregorypowers@example.net
753,Amanda Lucas,tiffanycamacho@example.org
754,Audrey Villa,cindy65@example.org
755,Oscar Cole,christopher61@example.net
756,Scott Garcia,hgarcia@example.net
757,Theresa Gonzales,xpearson@example.org
758,Jason Cook,saundersaaron@example.org
759,Howard Martin,nicole73@example.net
760,David Jones,fwebster@example.com
761,Timothy Williams,colliersarah@example.net
762,Becky Walters,brianrichardson@example.net
763,Frank Palmer,christina15@example.net
764,Angelica Gordon,julie09@example.org
765,Kathryn Valdez,ulittle@example.org
766,Mario Davis,jonathanwilliams@example.org
767,Sonia Lowery,danny63@example.com
768,Maurice Harper MD,caseygallagher@example.com
769,Kimberly Kim,millerclifford@example.net
770,David Martin,hannahwilson@example.net
771,Gabrielle Wolf,clarkekelsey@example.org
772,Christopher Austin,johnnelson@example.net
773,Melinda Schneider,zdunn@example.com
774,Samantha Leon,laura24@example.com
775,Elizabeth Castillo,crussell@example.org
776,Christine Hernandez,belinda79@example.com
777,Debra Martin,jonesstephanie@example.org
778,Joseph Lopez,baldwincharles@example.net
779,Kenneth Bonilla,xanderson@example.net
780,Sarah Rubio,james19@example.net
781,Tammy Smith,howardjoseph@example.org
782,Adrian Short,klowe@example.org
783,Joann Holland,ericcabrera@example.org
784,Cynthia Pace,dbrewer@example.org
785,Tiffany Perez,halljamie@example.net
786,Preston Goodman,glong@example.org
787,Andrew Butler,sarahreed@example.org
788,Dr. Calvin Lee,ericarusso@example.net
789,Laurie Wilson,andrewlewis@example.com
790,Robert Lawrence,debra16@example.net
791,Jorge Simpson MD,tanyaoliver@example.com
792,Mrs. Taylor Bell DDS,whitakermeredith@example.com
793,Adrian Mendoza,hjohnson@example.net
794,Amy Cordova,blevinscourtney@example.net
795,Heather Rodriguez,james69@example.com
796,Thomas Thompson,angela85@example.net
797,Keith Foster,darryl16@example.com
798,Mariah Johnson,vasquezanita@example.com
799,Caitlin Hamilton,parkerjessica@example.net
800,Isaiah Edwards,rachel54@example.org
801,Travis Roberts,pittskelsey@example.net
802,Tyler Kirby,edwardellis@example.com
803,Martin Johnson,theresajones@example.net
804,Robin Ramirez,kathrynhayden@example.org
805,Michael Morgan,lanetimothy@example.net
806,Joseph Gomez,deborahbrown@example.com
807,Mary Scott,wreed@example.com
808,Jeffrey Johnson,gacevedo@example.net
809,Joseph Williams,ybenson@example.org
810,Nina Howe,barbermichael@example.net
811,Kimberly Hernandez,thompsonkimberly@example.com
812,Brenda Gross,roselori@example.org
813,Matthew Mcdonald,richardferrell@example.com
814,Christina Smith,swise@example.org
815,Anthony Fowler,lrobbins@example.net
816,Monica Ochoa,joeroy@example.net
817,Michael Cole,jeremy16@example.org
818,Jasmine Kennedy,mcculloughnatasha@example.net
819,Joseph Jenkins,susan66@example.net
820,Henry Chavez,laurensmith@example.net
821,David Hart,ifoster@example.com
822,Brian Cantrell,joshuahurst@example.net
823,Jennifer Gilbert,matthewwarren@example.com
824,Nathaniel Cross,wilsoncrystal@example.com
825,George Sanders,allisonheather@example.com
826,Michael Woods,nwilliams@example.com
827,Amanda Barton,dthomas@example.org
828,Nicholas Todd,kkelley@example.org
829,Lisa Hernandez,dustin29@example.net
830,Jared Montoya,smithrichard@example.org
831,Gregory Duke,derrick96@example.org
832,Emily Jones,wendy67@example.com
833,Gary Diaz,megan29@example.net
834,Gregory Mccoy,williamskendra@example.com
835,Francisco Simmons,carol63@example.org
836,Laura Williams,jarviscolton@example.net
837,Morgan Olson,ryandavenport@example.net
838,Henry Soto,llamb@example.net
839,Angelica Hunter,heidi16@example.net
840,Ashley Reynolds,kelseycox@example.org
841,Stacy Fletcher,wesley59@example.com
842,Emily Shaw,matthewperkins@example.org
843,Melanie Howard,jthomas@example.com
844,Nancy Reyes,harperjesse@example.net
845,John Carroll,ccook@example.org
846,John Sloan,erictucker@example.com
847,Sean Armstrong,colemiller@example.org
848,Aaron Espinoza,steve06@example.net
849,Amanda Aguilar,jmyers@example.net
850,Kimberly Bennett,gharris@example.net
851,Michelle Guzman,walshdeborah@example.net
852,Jennifer Dean,smithsean@example.org
853,Desiree Morris,jporter@example.net
854,Paul Powell,qwells@example.org
855,Sheila Wilson,chelsea50@example.net
856,Evelyn Yu,acastillo@example.org
857,Linda Morris,wrightvicki@example.com
858,Miranda Villanueva,qfitzpatrick@example.org
859,Philip Bean,lewisanna@example.org
860,William Wiley,awatkins@example.com
861,Kyle Jones,cristian20@example.org
862,Courtney Glover,kweber@example.com
863,Robert Vargas,cjones@example.net
864,James Osborn,leahroberts@example.net
865,Tonya Baldwin MD,ulawson@example.org
866,Meghan Marsh,scott22@example.net
867,Aaron Hernandez,williambenson@example.com
868,Amanda Ortiz,pjohnson@example.net
869,Kyle Williams,mmyers@example.org
870,Samuel Irwin,hmorgan@example.com
871,Robert Turner,mariahporter@example.com
872,Jamie King,philliplewis@example.com
873,Jeffrey Duncan,devon67@example.net
874,Sheila Hunt,kolson@example.org
875,Jason Trujillo,emily41@example.net
876,Marvin Hines,haroldking@example.net
877,Alyssa Parker,hmckinney@example.net
878,Oscar James,zalvarado@example.net
879,Brenda Lam,ashley75@example.net
880,Bridget Berry,millerstephen@example.com
881,Lauren Wallace,matthewarmstrong@example.org
882,Mark Keith,arthurleblanc@example.com
883,Cole Reid,clarkeric@example.com
884,Leah Herman,webbbrandi@example.net
885,Sarah Flores,zavalaallison@example.com
886,Deborah Wright,tiffany00@example.com
887,Ashley Woods,spencergutierrez@example.net
888,Dawn Mays,edunn@example.net
889,Charles Holmes,kimberly47@example.net
890,Kenneth Morse,samantha03@example.org
891,Ricky Harrison,joseph90@example.net
892,Susan Contreras,danieljones@example.net
893,Julie Zuniga,paulwilkinson@example.com
894,Amy Ferguson,chenjamie@example.net
895,Christopher Clark,veronicachurch@example.org
896,Dylan Smith,zscott@example.net
897,Lisa Edwards,hudsonbecky@example.net
898,Jeff Oliver,townsendronald@example.net
899,Gail Rich,dthomas@example.org
900,Kelsey Young,reyesfrank@example.net
901,Jonathan Burnett,rball@example.org
902,Amanda Castro,rking@example.org
903,Carrie George,ssnyder@example.net
904,Wayne Harris,martinezthomas@example.org
905,Jeff Harrison,nsparks@example.com
906,Bernard Jones,craig53@example.org
907,Seth Mclaughlin,jrodriguez@example.org
908,Matthew Martin,michelle43@example.com
909,Eric Sims,robin98@example.net
910,Adam Kirby,acarroll@example.org
911,Patrick Stewart,jacob18@example.com
912,Kelsey Gilmore,gstewart@example.net
913,Christian Morales,ashley81@example.net
914,Elizabeth Lee,kaitlyn75@example.net
915,Dr. Rhonda Kim,xking@example.org
916,Daniel Callahan,susan92@example.com
917,Harold Nguyen,clarkapril@example.org
918,Thomas Shelton,lrodriguez@example.org
919,Bryan Robertson,anthonytorres@example.com
920,Lisa Johnson,sara28@example.net
921,Edward Myers,scottdean@example.com
922,Thomas Rodriguez,gutierrezstacie@example.net
923,Mrs. Wanda Hicks MD,honeill@example.net
924,Sean Smith,cflores@example.net
925,Carl Parsons,anthony25@example.org
926,Paul Ford,merrittkaitlin@example.org
927,Meghan Oliver,schmidtgabriel@example.com
928,Caitlin Simpson,kristine88@example.net
929,Bryan Gaines,swansongerald@example.com
930,Sean Walsh,alee@example.org
931,Tiffany Henderson,mike54@example.org
932,Michelle Rhodes,zevans@example.com
933,Mrs. Morgan Patrick,edwardkane@example.com
934,Maurice Miller,emilysmith@example.org
935,Mrs. Carol Olson,austinarcher@example.org
936,Howard Garcia,ijohnson@example.net
937,Stephanie Stevens,heather20@example.com
938,Mitchell Franco,rodriguezwilliam@example.com
939,Joshua Hayes MD,donaldsteele@example.net
940,Mark House,uschaefer@example.net
941,Stephen Allen,jhiggins@example.net
942,Martha Buckley,eryan@example.org
943,Mrs. Linda West,heathercervantes@example.com
944,Andrew Rodriguez,huffmanryan@example.org
945,Timothy Branch,upeters@example.com
946,Joseph Hodges,asalazar@example.com
947,Howard Bass,margaret47@example.org
948,David Lewis,stevenwilson@example.com
949,Philip Whitney,naustin@example.net
950,David Velasquez,xlara@example.org
951,Judy Gibson,ramosjacob@example.net
952,Shannon Wilson,esmith@example.com
953,Sara Brown,benjamin96@example.net
954,Timothy Dixon,webbdarlene@example.net
955,Ronald Shannon,evan00@example.com
956,Kelly Fields,brian70@example.org
957,Jose Valentine,garrisonaudrey@example.com
958,Leslie Owens,hamptonstephanie@example.com
959,Carlos Vasquez,paulmcintosh@example.net
960,Anthony Warren,hlopez@example.com
961,Aaron Bowen,elizabeththomas@example.com
962,Jake Bird,matthewmiller@example.org
963,Madison Hughes,imartinez@example.net
964,Gregory Hess,martintraci@example.org
965,Travis Holt,usalinas@example.org
966,Tanya Ross,victoria31@example.net
967,Anna Ward,gutierrezjack@example.org
968,Bradley Barnes,qdiaz@example.org
969,Caitlin Patterson,ehernandez@example.com
970,Stephanie Flores,tina36@example.com
971,Kelly Pittman,anthonyjones@example.org
972,Linda Smith,rebecca90@example.net
973,Edwin Brooks,lee37@example.org
974,Larry Brown,lukepadilla@example.net
975,Steve Reeves,mistycarpenter@example.com
976,Gary Sims,garygentry@example.net
977,Cheyenne Rodgers,benjaminhines@example.net
978,Amy Davis,onealnicole@example.com
979,Scott Stephens,yalexander@example.com
980,Michael Russell,xnorris@example.com
981,Ryan Mendez,fdunn@example.org
982,Jeffery Bates,vreyes@example.com
983,Todd Davis,yrobertson@example.com
984,Meghan Morris,amberrice@example.com
985,Dr. Julie Mercado PhD,fjones@example.org
986,Mike Moore,danieljerry@example.org
987,Jay Chandler,aellis@example.com
988,Dennis Miller,lbautista@example.org
989,Amanda Salazar,brookserin@example.org
990,Timothy Smith,lisa91@example.net
991,Philip Ross,mluna@example.com
992,Richard English,rothsamantha@example.net
993,Charles Sanders,matthewwilliams@example.com
994,Parker Nguyen,james14@example.org
995,Sheila Anderson,taraharrison@example.org
996,Jodi Snyder,huntermiranda@example.org
997,Destiny Santos,johnlee@example.com
998,Jeffrey Skinner,irojas@example.com
999,Jonathan Carter,fowlerpaul@example.net
1000,Michael Thompson,james70@example.com
